{"proxies":{"ti.verticalpager.TiVerticalPagerProxy":{"superPackageName":"org.appcelerator.titanium.proxy","dynamicProperties":{"pageIndicator":{"set":true,"nativeConverter":"org.appcelerator.kroll.KrollConverter","setMethodName":"setPageIndicator","setMethodArgs":[{"converter":"org.appcelerator.kroll.KrollConverter","defaultValueProvider":"org.appcelerator.kroll.KrollConverter","name":"config","sourceName":"config","type":"java.lang.Object"}],"setDefaultProviders":["org.appcelerator.kroll.KrollConverter"],"converter":"org.appcelerator.kroll.KrollConverter","defaultValueProvider":"org.appcelerator.kroll.KrollConverter","retain":true,"javascriptConverter":"org.appcelerator.kroll.KrollConverter","getHasInvocation":false,"runOnUiThread":false,"setReturnType":"void","get":false,"name":"pageIndicator","setHasInvocation":false},"currentPageIndicatorColor":{"set":true,"nativeConverter":"org.appcelerator.kroll.KrollConverter","setMethodName":"setCurrentPageIndicatorColor","setMethodArgs":[{"converter":"org.appcelerator.kroll.KrollConverter","defaultValueProvider":"org.appcelerator.kroll.KrollConverter","name":"color","sourceName":"color","type":"java.lang.String"}],"setDefaultProviders":["org.appcelerator.kroll.KrollConverter"],"converter":"org.appcelerator.kroll.KrollConverter","defaultValueProvider":"org.appcelerator.kroll.KrollConverter","retain":true,"javascriptConverter":"org.appcelerator.kroll.KrollConverter","getHasInvocation":false,"runOnUiThread":false,"setReturnType":"void","get":false,"name":"currentPageIndicatorColor","setHasInvocation":false},"cacheSize":{"set":true,"nativeConverter":"org.appcelerator.kroll.KrollConverter","setMethodName":"setCacheSize","setMethodArgs":[{"converter":"org.appcelerator.kroll.KrollConverter","defaultValueProvider":"org.appcelerator.kroll.KrollConverter","name":"size","sourceName":"size","type":"int"}],"getMethodName":"getCacheSize","setDefaultProviders":["org.appcelerator.kroll.KrollConverter"],"converter":"org.appcelerator.kroll.KrollConverter","defaultValueProvider":"org.appcelerator.kroll.KrollConverter","retain":true,"javascriptConverter":"org.appcelerator.kroll.KrollConverter","getHasInvocation":false,"runOnUiThread":false,"getMethodArgs":[],"getReturnType":"int","setReturnType":"void","get":true,"name":"cacheSize","setHasInvocation":false,"getDefaultProviders":[]},"pageIndicatorColor":{"set":true,"nativeConverter":"org.appcelerator.kroll.KrollConverter","setMethodName":"setPageIndicatorColor","setMethodArgs":[{"converter":"org.appcelerator.kroll.KrollConverter","defaultValueProvider":"org.appcelerator.kroll.KrollConverter","name":"color","sourceName":"color","type":"java.lang.String"}],"setDefaultProviders":["org.appcelerator.kroll.KrollConverter"],"converter":"org.appcelerator.kroll.KrollConverter","defaultValueProvider":"org.appcelerator.kroll.KrollConverter","retain":true,"javascriptConverter":"org.appcelerator.kroll.KrollConverter","getHasInvocation":false,"runOnUiThread":false,"setReturnType":"void","get":false,"name":"pageIndicatorColor","setHasInvocation":false},"currentPage":{"set":false,"nativeConverter":"org.appcelerator.kroll.KrollConverter","getMethodName":"getCurrentPage","converter":"org.appcelerator.kroll.KrollConverter","defaultValueProvider":"org.appcelerator.kroll.KrollConverter","javascriptConverter":"org.appcelerator.kroll.KrollConverter","getHasInvocation":false,"runOnUiThread":false,"getMethodArgs":[],"getReturnType":"int","get":true,"name":"currentPage","setHasInvocation":false,"getDefaultProviders":[]},"views":{"set":true,"nativeConverter":"org.appcelerator.kroll.KrollConverter","setMethodName":"setViews","setMethodArgs":[{"converter":"org.appcelerator.kroll.KrollConverter","defaultValueProvider":"org.appcelerator.kroll.KrollConverter","name":"views","sourceName":"views","type":"java.lang.Object"}],"getMethodName":"getViews","setDefaultProviders":["org.appcelerator.kroll.KrollConverter"],"converter":"org.appcelerator.kroll.KrollConverter","defaultValueProvider":"org.appcelerator.kroll.KrollConverter","retain":true,"javascriptConverter":"org.appcelerator.kroll.KrollConverter","getHasInvocation":false,"runOnUiThread":false,"getMethodArgs":[],"getReturnType":"java.lang.Object[]","setReturnType":"void","get":true,"name":"views","setHasInvocation":false,"getDefaultProviders":[]}},"methods":{"scrollToPage":{"runOnUiThread":false,"hasInvocation":false,"args":[{"converter":"org.appcelerator.kroll.KrollConverter","defaultValueProvider":"org.appcelerator.kroll.KrollConverter","name":"page","sourceName":"page","type":"int"}],"apiName":"scrollToPage","converter":"org.appcelerator.kroll.KrollConverter","defaultValueProvider":"org.appcelerator.kroll.KrollConverter","name":"__default_name__","returnType":"void"},"removeView":{"runOnUiThread":false,"hasInvocation":false,"args":[{"converter":"org.appcelerator.kroll.KrollConverter","defaultValueProvider":"org.appcelerator.kroll.KrollConverter","name":"index","sourceName":"index","type":"int"}],"apiName":"removeView","converter":"org.appcelerator.kroll.KrollConverter","defaultValueProvider":"org.appcelerator.kroll.KrollConverter","name":"__default_name__","returnType":"void"},"addView":{"runOnUiThread":false,"hasInvocation":false,"args":[{"converter":"org.appcelerator.kroll.KrollConverter","defaultValueProvider":"org.appcelerator.kroll.KrollConverter","name":"viewProxy","sourceName":"viewProxy","type":"org.appcelerator.titanium.proxy.TiViewProxy"}],"apiName":"addView","converter":"org.appcelerator.kroll.KrollConverter","defaultValueProvider":"org.appcelerator.kroll.KrollConverter","name":"__default_name__","returnType":"void"},"releaseFromMemory":{"runOnUiThread":false,"hasInvocation":false,"args":[],"apiName":"releaseFromMemory","converter":"org.appcelerator.kroll.KrollConverter","defaultValueProvider":"org.appcelerator.kroll.KrollConverter","name":"__default_name__","returnType":"void"}},"superProxyBindingClassName":"org.appcelerator.titanium.proxy.TiViewProxyBindingGen","proxyClassName":"TiVerticalPagerProxy","proxyAttrs":{"propertyAccessors":[],"fullAPIName":"TiVerticalPager.TiVerticalPager","name":"TiVerticalPager","proxyClassName":"ti.verticalpager.TiVerticalPagerProxy","isTopLevel":false,"id":"ti.verticalpager.TiVerticalPagerProxy","creatableInModule":"ti.verticalpager.TiVerticalPagerModule","parentModule":"org.appcelerator.kroll.annotations.Kroll.DEFAULT"},"packageName":"ti.verticalpager","sourceName":"ti.verticalpager.TiVerticalPagerProxyBindingGen","isTitaniumSdk":false,"superProxyClassName":"TiViewProxy","isModule":false,"genClassName":"TiVerticalPagerProxyBindingGen"},"ti.verticalpager.TiVerticalPagerModule":{"superPackageName":"org.appcelerator.kroll","methods":{"createView":{"runOnUiThread":false,"hasInvocation":false,"args":[{"converter":"org.appcelerator.kroll.KrollConverter","defaultValueProvider":"org.appcelerator.kroll.KrollConverter","name":"options","sourceName":"options","type":"org.appcelerator.kroll.KrollDict"}],"apiName":"createView","converter":"org.appcelerator.kroll.KrollConverter","defaultValueProvider":"org.appcelerator.kroll.KrollConverter","name":"__default_name__","returnType":"ti.verticalpager.TiVerticalPagerProxy"}},"superProxyClassName":"KrollModule","isModule":true,"genClassName":"TiVerticalPagerModuleBindingGen","superProxyBindingClassName":"org.appcelerator.kroll.KrollModuleBindingGen","proxyClassName":"TiVerticalPagerModule","proxyAttrs":{"propertyAccessors":[],"fullAPIName":"TiVerticalPager","name":"TiVerticalPager","proxyClassName":"ti.verticalpager.TiVerticalPagerModule","isTopLevel":false,"id":"ti.verticalpager"},"packageName":"ti.verticalpager","sourceName":"ti.verticalpager.TiVerticalPagerModuleBindingGen","constants":{"INDICATOR_TYPE_VERTICAL":{"proxyName":"INDICATOR_TYPE_VERTICAL","name":"INDICATOR_TYPE_VERTICAL","type":"int","value":1},"INDICATOR_TYPE_HORIZONTAL":{"proxyName":"INDICATOR_TYPE_HORIZONTAL","name":"INDICATOR_TYPE_HORIZONTAL","type":"int","value":0}},"isTitaniumSdk":false,"onAppCreate":"onAppCreate"}},"modules":{"ti.verticalpager.TiVerticalPagerModule":{"apiName":"TiVerticalPager","createProxies":[{"propertyAccessors":[],"fullAPIName":"TiVerticalPager.TiVerticalPager","name":"TiVerticalPager","proxyClassName":"ti.verticalpager.TiVerticalPagerProxy","isTopLevel":false,"id":"ti.verticalpager.TiVerticalPagerProxy","creatableInModule":"ti.verticalpager.TiVerticalPagerModule","parentModule":"org.appcelerator.kroll.annotations.Kroll.DEFAULT"}]}}}